Email,Source,Domain
bonneviemeubleyshare@outlook.com,Vive le Meuble - Boutique du marchand (snippet),conforama.fr
businessdevbyconfo@conforama.fr,Marketplace by Confo - Conforama (snippet),conforama.fr
conforama-hitway@outlook.com,Les conditions de retour des produits de la boutique :HOMAVO Store (snippet),conforama.fr
contact@homifab.com,Meuble tv coloris blanc 158 cm HOMIFAB FABIA - Conforama (snippet),conforama.fr
contact@homyfrance.com,Les conditions de retour des produits de la boutique :HOMYFRANCE (snippet),conforama.fr
contact@so-inside.com,Les conditions de retour des produits de la boutique :MSO (snippet),conforama.fr
contact@sommeildeplomb.com,Sommeil de plomb - Boutique du marchand (snippet),conforama.fr
dpo@conforama.fr,Contact - Conforama (snippet),conforama.fr
favrison.h.ug@outlook.com,Les conditions de retour des produits de la boutique :REDOM (snippet),conforama.fr
finessedomestique@outlook.com,finesse domestique - Boutique du marchand - Conforama (snippet),conforama.fr
huichengfr002@outlook.com,Les conditions de retour des produits de la boutique :KOMHTOM (snippet),conforama.fr
karabo-commerce.ug@outlook.com,stilvora - Boutique du marchand (snippet),conforama.fr
luckinwayelektroycl@outlook.com,Coin Confort - Boutique du marchand - Conforama (snippet),conforama.fr
retailers@stockly.ai,RÃ©seau boutiques - Conforama (snippet),conforama.fr
ross.huicheng@outlook.com,Sweiko - Boutique du marchand (snippet),conforama.fr
rosssunlyrwbkifdd@hotmail.com,zerbaco - Boutique du marchand (snippet),conforama.fr
sav@2kings.fr,Les conditions de retour des produits de la boutique :2KINGS (snippet),conforama.fr
serviceclients@dpdo.fr,Home Equipement - Boutique du marchand (snippet),conforama.fr
touar-shop@outlook.com,Touar-Shop - Conforama (snippet),conforama.fr
